date,Daily_Step_Count
2021-10-10,19980
2021-10-11,11229
2021-10-12,15117
2021-10-13,13527
2021-10-14,17781
2021-10-15,32817
2021-10-16,14787
2021-10-17,13665
2021-10-18,12141
2021-10-19,33333
2021-10-20,8142
2021-10-21,17700
2021-10-22,16731
2021-10-23,8664
2021-10-24,5706
2021-10-25,6462
2021-10-26,21651
2021-10-27,11439
2021-10-28,21246
2021-10-29,29631
2021-10-30,15921
2021-10-31,18156
2021-11-01,8895
2021-11-02,11037
2021-11-03,3393
2021-11-04,11556
2021-11-05,4977
2021-11-06,3597
2021-11-07,4863
2021-11-08,19062
2021-11-09,7879
2021-11-10,35825
2021-11-11,22131
2021-11-12,29043
2021-11-13,12120
2021-11-14,29973
2021-11-15,29169
2021-11-16,12951
2021-11-17,11322
2021-11-18,2745
2021-11-19,10326
2021-11-20,26709
2021-11-21,29700
2021-11-22,21708
2021-11-23,18777
2021-11-24,8109
2021-11-25,21021
2021-11-26,17025
2021-11-27,26835
2021-11-28,40626
2021-11-29,16671
2021-11-30,21459
2021-12-01,9462
2021-12-02,19086
2021-12-03,35607
2021-12-04,35310
2021-12-05,9057
2021-12-06,9159
2021-12-07,7854
2021-12-08,8673
2021-12-09,3099
2021-12-10,8667
2021-12-11,4290
2021-12-12,2661
2021-12-13,7518
2021-12-14,8943
2021-12-15,5931
2021-12-16,5790
2021-12-17,2844
2021-12-18,11775
2021-12-19,5298
2021-12-20,10902
2021-12-21,5727
2021-12-22,4329
2021-12-23,7719
2021-12-24,10092
2021-12-25,5913
2021-12-26,6438
2021-12-27,7149
2021-12-28,4287
2021-12-29,6075
2021-12-30,7527
2021-12-31,7203
2022-01-01,8337
2022-01-02,4890
2022-01-03,6258
2022-01-04,5118
2022-01-05,5484
2022-01-06,4911
2022-01-07,381
2022-01-08,6081
2022-01-09,1893
2022-01-10,147
2022-01-11,10233
2022-01-12,174
2022-01-13,5274
2022-01-14,426
2022-01-15,1767
2022-01-16,5712
2022-01-17,8997
2022-01-18,4491
2022-01-19,7107
2022-01-20,7953
2022-01-21,9483
2022-01-22,1077
2022-01-23,261
2022-01-24,3720
2022-01-25,8799
2022-01-26,4941
2022-01-27,8523
2022-01-28,1410
2022-01-29,1212
2022-01-30,1125
2022-01-31,4596
2022-02-01,4863
2022-02-02,6171
2022-02-03,1404
2022-02-04,9738
2022-02-05,8505
2022-02-06,453
2022-02-07,7134
2022-02-08,43710
2022-02-09,14430
2022-02-10,66
2022-02-11,204
2022-02-12,708
2022-02-13,618
2022-02-14,1617
2022-02-15,8685
2022-02-16,8460
2022-02-17,6054
2022-02-18,12300
2022-02-19,18699
2022-02-20,17628
2022-02-21,29469
2022-02-22,39255
2022-02-23,23349
2022-02-24,29835
2022-02-25,32742
2022-02-26,19098
2022-02-27,25599
2022-02-28,26166
2022-03-01,17574
2022-03-02,21777
2022-03-03,28827
2022-03-04,36912
2022-03-05,30426
2022-03-06,30864
2022-03-07,25881
2022-03-08,23577
2022-03-09,20598
2022-03-10,13797
2022-03-11,24330
2022-03-12,18465
2022-03-13,18735
2022-03-14,38847
2022-03-15,12141
2022-03-16,8478
2022-03-17,4017
2022-03-18,5544
2022-03-19,8871
2022-03-20,6213
2022-03-21,12279
2022-03-22,19686
2022-03-23,13110
2022-03-24,28167
2022-03-25,9789
2022-03-26,9927
2022-03-27,21117
2022-03-28,24933
2022-03-29,14055
2022-03-30,15999
2022-03-31,15990
2022-04-01,20817
2022-04-02,25830
2022-04-03,14706
2022-04-04,19560
2022-04-05,28434
2022-04-06,11973
2022-04-07,28278
2022-04-08,15963
2022-04-09,31704
2022-04-10,13785
2022-04-11,24921
2022-04-12,26112
2022-04-13,7305
2022-04-14,25101
2022-04-15,16731
2022-04-16,13230
2022-04-17,16587
2022-04-18,41412
2022-04-19,31584
2022-04-20,30579
2022-04-21,32424
2022-04-22,5517
2022-04-23,5166
2022-04-24,8310
2022-04-25,1821
2022-04-26,3708
2022-04-27,7575
2022-04-28,7713
2022-04-29,4308
2022-04-30,7338
2022-05-01,4026
2022-05-02,6537
2022-05-03,10788
2022-05-04,13908
2022-05-05,35736
2022-05-06,27201
2022-05-07,13044
2022-05-08,18435
2022-05-09,38631
2022-05-10,37926
2022-05-11,21594
2022-05-12,29397
2022-05-13,18333
2022-05-14,19545
2022-05-15,20529
2022-05-16,13404
2022-05-17,37755
2022-05-18,7662
2022-05-19,11025
2022-05-20,18132
2022-05-21,15768
2022-05-22,16029
2022-05-23,32775
2022-05-24,26886
2022-05-25,19662
2022-05-26,37179
2022-05-27,29961
2022-05-28,17949
2022-05-29,23193
2022-05-30,32115
2022-05-31,36243
2022-06-01,6798
2022-06-02,8964
2022-06-03,10500
2022-06-04,2055
2022-06-05,2409
2022-06-06,438
2022-06-07,717
2022-06-08,1929
2022-06-09,1995
2022-06-10,3816
2022-06-11,8148
2022-06-12,189
2022-06-13,1452
2022-06-14,5505
2022-06-15,4149
2022-06-16,3987
2022-06-17,1869
2022-06-18,705
2022-06-19,1611
2022-06-20,7935
2022-06-21,8604
2022-06-22,12975
2022-06-23,8910
2022-06-24,2181
2022-06-25,6414
2022-06-26,3279
2022-06-27,2928
2022-06-28,2361
2022-06-29,5565
2022-06-30,3081
2022-07-01,318
2022-07-02,219
2022-07-03,10680
2022-07-04,3939
2022-07-05,4260
2022-07-06,2709
2022-07-07,11241
2022-07-08,2130
2022-07-09,4878
2022-07-10,4413
2022-07-11,1953
2022-07-12,3210
2022-07-13,681
2022-07-14,1851
2022-07-15,3366
2022-07-16,1074
2022-07-17,7581
2022-07-18,1269
2022-07-19,1536
2022-07-20,1176
2022-07-21,3582
2022-07-22,870
2022-07-23,3261
2022-07-24,11055
2022-07-25,7392
2022-07-26,11088
2022-07-27,11742
2022-07-28,14013
2022-07-29,7941
2022-07-30,20946
2022-07-31,16299
2022-08-01,28518
2022-08-02,19641
2022-08-03,14478
2022-08-04,22157
2022-08-05,12811
2022-08-06,7692
2022-08-07,5814
2022-08-08,3357
2022-08-09,1806
2022-08-10,3162
2022-08-11,1080
2022-08-12,1164
2022-08-13,10119
2022-08-14,18087
2022-08-15,291
2022-08-16,2859
2022-08-17,5166
2022-08-18,2217
2022-08-19,2394
2022-08-20,1041
2022-08-21,2076
2022-08-22,5811
2022-08-23,1365
2022-08-24,732
2022-08-25,1047
2022-08-26,3150
2022-08-27,2382
2022-08-28,0
2022-08-29,1392
2022-08-30,4389
2022-08-31,1671
2022-09-01,8178
2022-09-02,3993
2022-09-03,2970
2022-09-04,2895
2022-09-05,2418
2022-09-06,2961
2022-09-07,2997
2022-09-08,4557
2022-09-09,375
2022-09-10,1848
2022-09-11,4521
2022-09-12,3414
2022-09-13,6840
2022-09-14,8325
2022-09-15,23829
2022-09-16,8175
2022-09-17,31221
2022-09-18,23883
2022-09-19,21771
2022-09-20,33945
2022-09-21,10911
2022-09-22,17910
2022-09-23,8280
2022-09-24,10716
2022-09-25,23145
2022-09-26,12498
2022-09-27,28914
2022-09-28,11325
2022-09-29,26118
2022-09-30,21114
2022-10-01,17268
2022-10-02,13035
2022-10-03,47436
2022-10-04,15264
2022-10-05,9963
2022-10-06,12147
2022-10-07,5196
2022-10-08,3294
2022-10-09,4821
2022-10-10,20844
2022-10-11,29970
2022-10-12,13686
2022-10-13,13716
2022-10-14,12465
2022-10-15,30141
2022-10-16,28467
2022-10-17,28590
2022-10-18,27072
2022-10-19,21549
2022-10-20,13434
2022-10-21,1389
2022-10-22,1524
2022-10-23,4719
2022-10-24,8586
2022-10-25,2553
2022-10-26,1911
2022-10-27,147
2022-10-28,4032
2022-10-29,702
2022-10-30,8250
2022-10-31,2481
2022-11-01,1794
2022-11-02,24603
2022-11-03,18042
2022-11-04,15810
2022-11-05,16314
2022-11-06,19611
2022-11-07,32805
2022-11-08,18621
2022-11-09,20043
2022-11-10,28983
2022-11-11,13092
2022-11-12,17190
2022-11-13,21108
2022-11-14,26571
2022-11-15,21087
2022-11-16,51522
2022-11-17,19992
2022-11-18,24537
2022-11-19,9450
2022-11-20,7086
2022-11-21,11283
2022-11-22,12135
2022-11-23,8838
2022-11-24,4413
2022-11-25,12936
2022-11-26,4269
2022-11-27,8307
2022-11-28,5823
2022-11-29,8742
2022-11-30,11976
2022-12-01,11805
2022-12-02,6801
2022-12-03,26091
2022-12-04,43998
2022-12-05,14373
2022-12-06,19188
2022-12-07,11787
2022-12-08,7689
2022-12-09,2796
2022-12-10,7029
2022-12-11,22404
2022-12-12,11511
2022-12-13,22896
2022-12-14,14349
2022-12-15,22464
2022-12-16,22362
2022-12-17,8841
2022-12-18,6042
2022-12-19,23868
2022-12-20,17406
2022-12-21,6819
2022-12-22,14190
2022-12-23,39675
2022-12-24,12888
2022-12-25,4278
2022-12-26,16341
2022-12-27,17616
2022-12-28,4743
2022-12-29,14853
2022-12-30,20064
2022-12-31,30039
2023-01-01,8982
2023-01-02,13443
2023-01-03,24669
2023-01-04,27192
2023-01-05,33324
2023-01-06,2238
2023-01-07,2259
2023-01-08,1416
2023-01-09,9855
2023-01-10,564
2023-01-11,1911
2023-01-12,6660
2023-01-13,3234
2023-01-14,5316
2023-01-15,6162
2023-01-16,5010
2023-01-17,1167
2023-01-18,9192
2023-01-19,1209
2023-01-20,6399
2023-01-21,15345
2023-01-22,2844
2023-01-23,11901
2023-01-24,12072
2023-01-25,24810
2023-01-26,6204
2023-01-27,23823
2023-01-28,16479
2023-01-29,3327
2023-01-30,32673
2023-01-31,46719
2023-02-01,43380
2023-02-02,23670
2023-02-03,52041
2023-02-04,13602
2023-02-05,37305
2023-02-06,8322
2023-02-07,16743
2023-02-08,16059
2023-02-09,13017
2023-02-10,26862
2023-02-11,20574
2023-02-12,13611
2023-02-13,12018
2023-02-14,16527
2023-02-15,9807
2023-02-16,14748
2023-02-17,19170
2023-02-18,26202
2023-02-19,23415
2023-02-20,21930
2023-02-21,5394
2023-02-22,5610
2023-02-23,1806
2023-02-24,2664
2023-02-25,1929
2023-02-26,7500
2023-02-27,4065
2023-02-28,264
2023-03-01,0
2023-03-02,4623
2023-03-03,4035
2023-03-04,5538
2023-03-05,5895
2023-03-06,2217
2023-03-07,3423
2023-03-08,7746
2023-03-09,879
2023-03-10,165
2023-03-11,2094
2023-03-12,30471
2023-03-13,29976
2023-03-14,34767
2023-03-15,33357
2023-03-16,38028
2023-03-17,38889
2023-03-18,16803
2023-03-19,21741
2023-03-20,26964
2023-03-21,29256
2023-03-22,7320
2023-03-23,1215
2023-03-24,2655
2023-03-25,1101
2023-03-26,756
2023-03-27,2280
2023-03-28,6207
2023-03-29,147
2023-03-30,306
2023-03-31,528
2023-04-01,3600
2023-04-02,2364
2023-04-03,2196
2023-04-04,4503
2023-04-05,177
2023-04-06,408
2023-04-07,798
2023-04-08,6120
2023-04-09,40278
2023-04-10,39390
2023-04-11,52920
2023-04-12,52437
2023-04-13,47700
2023-04-14,52881
2023-04-15,37920
2023-04-16,33084
2023-04-17,49560
2023-04-18,45672
2023-04-19,51180
2023-04-20,29424
2023-04-21,4527
2023-04-22,11139
2023-04-23,2379
2023-04-24,3048
2023-04-25,1629
2023-04-26,1398
2023-04-27,363
2023-04-28,7179
2023-04-29,3411
2023-04-30,16971
2023-05-01,17187
2023-05-02,19653
2023-05-03,3183
2023-05-04,16005
2023-05-05,8031
2023-05-06,17754
2023-05-07,9120
2023-05-08,16764
2023-05-09,20004
2023-05-10,12918
2023-05-11,14943
2023-05-12,18465
2023-05-13,14631
2023-05-14,9069
2023-05-15,16812
2023-05-16,7899
2023-05-17,24759
2023-05-18,21063
2023-05-19,38259
2023-05-20,41403
2023-05-21,2337
2023-05-22,11343
2023-05-23,8097
2023-05-24,9864
2023-05-25,4053
2023-05-26,2385
2023-05-27,1893
2023-05-28,3513
2023-05-29,1359
2023-05-30,10668
2023-05-31,24492
2023-06-01,16554
2023-06-02,21579
2023-06-03,19686
2023-06-04,10245
2023-06-05,24579
2023-06-06,19164
2023-06-07,17946
2023-06-08,17988
2023-06-09,36240
2023-06-10,10581
2023-06-11,10176
2023-06-12,18432
2023-06-13,19734
2023-06-14,20418
2023-06-15,24423
2023-06-16,36405
2023-06-17,13854
2023-06-18,19227
2023-06-19,27363
2023-06-20,30096
2023-06-21,31896
2023-06-22,17883
2023-06-23,30177
2023-06-24,38268
2023-06-25,20019
2023-06-26,23958
2023-06-27,28611
2023-06-28,24120
2023-06-29,54180
2023-06-30,33003
2023-07-01,16122
2023-07-02,9627
2023-07-03,19950
2023-07-04,10410
2023-07-05,11529
2023-07-06,15714
2023-07-07,17412
2023-07-08,6552
2023-07-09,13950
2023-07-10,8775
2023-07-11,16338
2023-07-12,10374
2023-07-13,13704
2023-07-14,25242
2023-07-15,11715
2023-07-16,5829
2023-07-17,16497
2023-07-18,15999
2023-07-19,12987
2023-07-20,6732
2023-07-21,24723
2023-07-22,15168
2023-07-23,12912
2023-07-24,3348
2023-07-25,4803
2023-07-26,6912
2023-07-27,4284
2023-07-28,8637
2023-07-29,10071
2023-07-30,8979
2023-07-31,4971
2023-08-01,894
2023-08-02,189
2023-08-03,201
2023-08-04,198
2023-08-05,4779
2023-08-06,5631
2023-08-07,2889
2023-08-08,6723
2023-08-09,7176
2023-08-10,6639
2023-08-11,10917
2023-08-12,12972
2023-08-13,10503
2023-08-14,9012
2023-08-15,9477
2023-08-16,12069
2023-08-17,5682
2023-08-18,1317
2023-08-19,7131
2023-08-20,7146
2023-08-21,6858
2023-08-22,6084
2023-08-23,5013
2023-08-24,10572
2023-08-25,8613
2023-08-26,234
2023-08-27,12267
2023-08-28,1122
2023-08-29,1122
2023-08-30,2940
2023-08-31,297
2023-09-01,252
2023-09-02,360
2023-09-03,411
2023-09-04,8547
2023-09-05,462
2023-09-06,1923
2023-09-07,2952
2023-09-08,2529
2023-09-09,948
2023-09-10,1653
2023-09-11,7866
2023-09-12,9432
2023-09-13,6237
2023-09-14,5856
2023-09-15,7119
2023-09-16,7020
2023-09-17,11130
2023-09-18,28968
2023-09-19,19302
2023-09-20,14712
2023-09-21,18510
2023-09-22,18198
2023-09-23,27012
2023-09-24,37737
2023-09-25,11379
2023-09-26,1611
2023-09-27,2964
2023-09-28,5172
2023-09-29,4068
2023-09-30,6894
2023-10-01,2079
2023-10-02,2262
2023-10-03,4557
2023-10-04,5001
2023-10-05,3741
2023-10-06,3987
2023-10-07,2892
2023-10-08,6099
2023-10-09,4821
2023-10-10,25419
2023-10-11,54318
2023-10-12,41346
2023-10-13,48753
2023-10-14,16239
2023-10-15,10965
2023-10-16,40824
2023-10-17,17895
2023-10-18,3012
2023-10-19,14484
2023-10-20,4380
2023-10-21,315
2023-10-22,2184
2023-10-23,1767
2023-10-24,2625
2023-10-25,414
2023-10-26,1836
2023-10-27,2337
2023-10-28,11124
2023-10-29,2955
2023-10-30,882
2023-10-31,11826
2023-11-01,63570
2023-11-02,25203
2023-11-03,30549
2023-11-04,40407
2023-11-05,27297
2023-11-06,24786
2023-11-07,29886
2023-11-08,23109
2023-11-09,2676
2023-11-10,306
2023-11-11,2157
2023-11-12,1518
2023-11-13,291
2023-11-14,5427
2023-11-15,6630
2023-11-16,5046
2023-11-17,1080
2023-11-18,4227
2023-11-19,792
2023-11-20,14516
2023-11-21,17998
2023-11-22,20841
2023-11-23,27612
2023-11-24,17553
2023-11-25,10551
2023-11-26,16284
2023-11-27,10869
2023-11-28,8100
2023-11-29,20337
2023-11-30,14436
2023-12-01,36846
2023-12-02,18348
2023-12-03,11478
2023-12-04,26367
2023-12-05,28443
2023-12-06,20700
2023-12-07,31524
2023-12-08,19257
2023-12-09,14760
2023-12-10,24180
2023-12-11,18459
2023-12-12,39123
2023-12-13,22542
2023-12-14,32937
2023-12-15,31917
2023-12-16,18561
2023-12-17,28707
2023-12-18,13968
2023-12-19,12570
2023-12-20,15954
2023-12-21,56043
2023-12-22,28932
2023-12-23,14280
2023-12-24,30543
2023-12-25,21558
2023-12-26,16551
2023-12-27,9366
2023-12-28,2946
2023-12-29,10074
2023-12-30,17811
2023-12-31,44898
2024-01-01,31245
2024-01-02,6867
2024-01-03,22650
2024-01-04,3276
2024-01-05,3678
2024-01-06,3837
2024-01-07,13287
2024-01-08,2904
2024-01-09,7779
2024-01-10,4233
2024-01-11,4995
2024-01-12,13479
2024-01-13,3504
2024-01-14,11433
2024-01-15,10479
2024-01-16,5958
2024-01-17,1527
2024-01-18,3699
2024-01-19,2073
2024-01-20,771
2024-01-21,456
2024-01-22,630
2024-01-23,369
2024-01-24,2574
2024-01-25,1809
2024-01-26,333
2024-01-27,2184
2024-01-28,2496
2024-01-29,1380
2024-01-30,2334
2024-01-31,822
2024-02-01,2910
2024-02-02,1824
2024-02-03,2754
2024-02-04,873
2024-02-05,2601
2024-02-06,1221
2024-02-07,6594
2024-02-08,453
2024-02-09,2613
2024-02-10,1938
2024-02-11,3201
2024-02-12,966
2024-02-13,3996
2024-02-14,3639
2024-02-15,1566
2024-02-16,2004
2024-02-17,1959
2024-02-18,1614
2024-02-19,1137
2024-02-20,2418
2024-02-21,933
2024-02-22,7377
2024-02-23,1653
2024-02-24,5007
2024-02-25,2820
2024-02-26,10755
2024-02-27,45999
2024-02-28,10668
2024-02-29,174
2024-03-01,1863
2024-03-02,1722
2024-03-03,1788
2024-03-04,480
2024-03-05,16776
2024-03-06,6030
2024-03-07,2898
2024-03-08,1320
2024-03-09,1776
2024-03-10,3012
2024-03-11,1479
2024-03-12,2934
2024-03-13,1041
2024-03-14,1749
2024-03-15,474
2024-03-16,3624
2024-03-17,192
2024-03-18,264
2024-03-19,57
2024-03-20,1683
2024-03-21,2175
2024-03-22,4407
2024-03-23,1893
2024-03-24,1071
2024-03-25,14571
2024-03-26,675
2024-03-27,3246
2024-03-28,2157
2024-03-29,1452
2024-03-30,54
2024-03-31,3831
2024-04-01,20951
2024-04-02,58693
2024-04-03,41283
2024-04-04,47910
2024-04-05,59583
2024-04-06,41256
2024-04-07,30162
2024-04-08,48561
2024-04-09,25932
2024-04-10,2795
2024-04-11,7348
2024-04-12,1098
2024-04-13,3222
2024-04-14,19731
2024-04-15,2148
2024-04-16,327
2024-04-17,3261
2024-04-18,1518
2024-04-19,111
2024-04-20,300
2024-04-21,7689
2024-04-22,10425
2024-04-23,46203
2024-04-24,55959
2024-04-25,40452
2024-04-26,2481
2024-04-27,1692
2024-04-28,372
2024-04-29,5115
2024-04-30,12387
2024-05-01,46620
2024-05-02,33693
2024-05-03,9546
2024-05-04,3801
2024-05-05,3561
2024-05-06,2520
2024-05-07,1149
2024-05-08,5556
2024-05-09,1020
2024-05-10,2598
2024-05-11,17565
2024-05-12,3660
2024-05-13,10233
2024-05-14,25413
2024-05-15,27408
2024-05-16,11424
2024-05-17,36543
2024-05-18,15612
2024-05-19,28824
2024-05-20,22311
2024-05-21,15981
2024-05-22,27891
2024-05-23,10755
2024-05-24,25041
2024-05-25,24636
2024-05-26,14859
2024-05-27,14550
2024-05-28,15666
2024-05-29,11445
2024-05-30,19962
2024-05-31,31287
2024-06-01,22923
2024-06-02,17061
2024-06-03,9585
2024-06-04,10242
2024-06-05,5892
2024-06-06,5835
2024-06-07,2322
2024-06-08,6690
2024-06-09,18240
2024-06-10,5148
2024-06-11,8652
2024-06-12,11352
2024-06-13,10365
2024-06-14,19407
2024-06-15,9195
2024-06-16,18933
2024-06-17,44439
2024-06-18,14319
2024-06-19,14580
2024-06-20,4020
2024-06-21,2187
2024-06-22,1413
2024-06-23,2067
2024-06-24,465
2024-06-25,1623
2024-06-26,420
2024-06-27,1821
2024-06-28,3177
2024-06-29,2103
2024-06-30,3333
2024-07-01,8469
2024-07-02,1536
2024-07-03,1755
2024-07-04,3159
2024-07-05,3318
2024-07-06,4341
2024-07-07,429
2024-07-08,297
2024-07-09,11718
2024-07-10,6315
2024-07-11,18150
2024-07-12,5430
2024-07-13,7125
2024-07-14,11457
2024-07-15,1542
2024-07-16,2823
2024-07-17,828
2024-07-18,1113
2024-07-19,573
2024-07-20,3042
2024-07-21,5937
2024-07-22,6831
2024-07-23,2259
2024-07-24,393
2024-07-25,435
2024-07-26,705
2024-07-27,312
2024-07-28,504
2024-07-29,10179
2024-07-30,2007
2024-07-31,3045
2024-08-01,3690
2024-08-02,2481
2024-08-03,2958
2024-08-04,600
2024-08-05,12252
2024-08-06,1458
2024-08-07,5715
2024-08-08,729
2024-08-09,3078
2024-08-10,873
2024-08-11,6216
2024-08-12,1758
2024-08-13,6318
2024-08-14,4197
2024-08-15,6573
2024-08-16,756
2024-08-17,390
2024-08-18,1812
2024-08-19,3204
2024-08-20,438
2024-08-21,504
2024-08-22,1698
2024-08-23,1533
2024-08-24,3237
2024-08-25,8679
2024-08-26,2073
2024-08-27,6306
2024-08-28,6969
2024-08-29,4644
2024-08-30,10698
2024-08-31,8877
2024-09-01,609
2024-09-02,1026
2024-09-03,384
2024-09-04,4371
2024-09-05,1377
2024-09-06,6777
2024-09-07,939
2024-09-08,3954
2024-09-09,1473
2024-09-10,303
2024-09-11,786
2024-09-12,6444
2024-09-13,6417
2024-09-14,2097
2024-09-15,18273
2024-09-16,32178
2024-09-17,55326
2024-09-18,39003
2024-09-19,41856
2024-09-20,11385
2024-09-21,8994
2024-09-22,9468
2024-09-23,939
2024-09-24,699
2024-09-25,4764
2024-09-26,6339
2024-09-27,4710
2024-09-28,3891
2024-09-29,5568
2024-09-30,5703
2024-10-01,4245
2024-10-02,6405
2024-10-03,1413
2024-10-04,3381
2024-10-05,600
2024-10-06,1083
2024-10-07,12105
2024-10-08,96
2024-10-09,4671
2024-10-10,8772
2024-10-11,2136
2024-10-12,4200
2024-10-13,585
2024-10-14,4071
2024-10-15,9474
2024-10-16,4425
2024-10-17,6849
2024-10-18,1857
2024-10-19,8538
2024-10-20,3885
2024-10-21,11022
2024-10-22,33330
2024-10-23,10038
2024-10-24,7557
2024-10-25,9987
2024-10-26,4524
2024-10-27,2643
2024-10-28,666
2024-10-29,5679
2024-10-30,8922
2024-10-31,1761
2024-11-01,3180
2024-11-02,3108
2024-11-03,1389
2024-11-04,4527
2024-11-05,7026
2024-11-06,8190
2024-11-07,3849
2024-11-08,16038
2024-11-09,15054
2024-11-10,25809
2024-11-11,5373
2024-11-12,10893
2024-11-13,894
2024-11-14,8244
2024-11-15,5979
2024-11-16,5151
2024-11-17,2460
2024-11-18,8124
2024-11-19,1875
2024-11-20,21862
2024-11-21,60782
2024-11-22,10755
2024-11-23,2634
2024-11-24,1821
2024-11-25,5613
2024-11-26,5976
2024-11-27,741
2024-11-28,3213
2024-11-29,2388
2024-11-30,4665
2024-12-01,6165
2024-12-02,10104
2024-12-03,2187
2024-12-04,5244
2024-12-05,2436
2024-12-06,4746
2024-12-07,4293
2024-12-08,2649
2024-12-09,10389
2024-12-10,7209
2024-12-11,9909
2024-12-12,12840
2024-12-13,10815
2024-12-14,24159
2024-12-15,8730
2024-12-16,15561
2024-12-17,14559
2024-12-18,11463
2024-12-19,9186
2024-12-20,14205
2024-12-21,33405
2024-12-22,15012
2024-12-23,15930
2024-12-24,11484
2024-12-25,27081
2024-12-26,14061
2024-12-27,13347
2024-12-28,13563
2024-12-29,4878
2024-12-30,9285
2024-12-31,1773
2025-01-01,12480
2025-01-02,12849
2025-01-03,20562
2025-01-04,4863
2025-01-05,4935
2025-01-06,7290
2025-01-07,8781
2025-01-08,7962
2025-01-09,8685
2025-01-10,14553
2025-01-11,3405
2025-01-12,5109
2025-01-13,12555
2025-01-14,8310
2025-01-15,10803
2025-01-16,12522
2025-01-17,18390
2025-01-18,5448
2025-01-19,9075
2025-01-20,2568
2025-01-21,681
2025-01-22,6033
2025-01-23,3693
2025-01-24,6513
2025-01-25,15149
2025-01-26,15094
2025-01-27,11676
2025-01-28,11670
2025-01-29,13308
2025-01-30,16038
2025-01-31,20877
2025-02-01,4041
2025-02-02,2622
2025-02-03,11076
2025-02-04,13086
2025-02-05,8946
2025-02-06,8166
2025-02-07,22779
2025-02-08,46077
2025-02-09,31614
2025-02-10,15603
2025-02-11,17793
2025-02-12,11994
2025-02-13,15567
2025-02-14,18993
2025-02-15,16563
2025-02-16,17682
2025-02-17,12600
2025-02-18,18738
2025-02-19,25008
2025-02-20,15510
2025-02-21,17343
2025-02-22,11643
2025-02-23,33165
2025-02-24,14244
2025-02-25,18366
2025-02-26,16416
2025-02-27,11829
2025-02-28,18993
2025-03-01,60177
2025-03-02,25449
2025-03-03,18606
2025-03-04,18507
2025-03-05,13413
2025-03-06,29919
2025-03-07,16239
2025-03-08,9015
2025-03-09,26427
2025-03-10,24156
2025-03-11,21396
2025-03-12,24093
2025-03-13,14136
2025-03-14,4515
2025-03-15,5352
2025-03-16,1410
2025-03-17,1602
2025-03-18,4872
2025-03-19,7209
2025-03-20,37725
2025-03-21,22434
2025-03-22,41934
2025-03-23,25449
2025-03-24,23169
2025-03-25,17154
2025-03-26,18525
2025-03-27,22704
2025-03-28,4392
2025-03-29,1605
2025-03-30,11268
2025-03-31,12990
2025-04-01,2727
2025-04-02,900
2025-04-03,270
2025-04-04,6390
2025-04-05,14337
2025-04-06,31458
2025-04-07,29367
2025-04-08,29538
2025-04-09,30072
2025-04-10,35553
2025-04-11,25215
2025-04-12,5721
2025-04-13,14502
2025-04-14,34323
2025-04-15,23511
2025-04-16,31569
2025-04-17,26296
2025-04-18,11132
2025-04-19,4341
2025-04-20,25962
2025-04-21,27732
2025-04-22,18624
2025-04-23,20595
2025-04-24,31335
2025-04-25,31206
2025-04-26,29547
2025-04-27,11541
2025-04-28,17016
2025-04-29,25644
2025-04-30,31140
2025-05-01,20658
2025-05-02,2961
2025-05-03,1452
2025-05-04,2271
2025-05-05,2784
2025-05-06,8607
2025-05-07,6456
2025-05-08,3975
2025-05-09,7188
2025-05-10,13242
2025-05-11,15954
2025-05-12,27456
2025-05-13,23895
2025-05-14,27585
2025-05-15,33576
2025-05-16,25266
2025-05-17,14793
2025-05-18,17985
2025-05-19,29793
2025-05-20,24498
2025-05-21,22293
2025-05-22,23211
2025-05-23,23157
2025-05-24,17577
2025-05-25,18933
2025-05-26,21840
2025-05-27,27480
2025-05-28,19707
2025-05-29,19848
2025-05-30,30429
2025-05-31,14112
2025-06-01,16692
2025-06-02,19629
2025-06-03,19476
2025-06-04,14520
2025-06-05,14922
2025-06-06,7776
2025-06-07,6735
2025-06-08,4272
2025-06-09,4713
2025-06-10,6873
2025-06-11,6042
2025-06-12,10560
2025-06-13,18489
2025-06-14,12987
2025-06-15,41451
2025-06-16,19440
2025-06-17,10038
2025-06-18,9570
2025-06-19,6342
2025-06-20,7068
2025-06-21,3603
2025-06-22,4800
2025-06-23,4947
2025-06-24,2517
2025-06-25,8055
2025-06-26,1500
2025-06-27,8595
2025-06-28,6546
2025-06-29,7848
2025-06-30,8622
2025-07-01,6519
2025-07-02,3273
2025-07-03,1254
2025-07-04,9426
2025-07-05,15003
2025-07-06,13860
2025-07-07,3123
2025-07-08,3846
2025-07-09,3849
2025-07-10,708
2025-07-11,8754
2025-07-12,5055
2025-07-13,8871
2025-07-14,8811
2025-07-15,456
2025-07-16,3978
2025-07-17,4791
2025-07-18,13653
2025-07-19,6273
2025-07-20,10440
2025-07-21,9831
2025-07-22,2775
2025-07-23,9870
2025-07-24,2064
2025-07-25,9615
2025-07-26,9798
2025-07-27,12360
2025-07-28,15924
2025-07-29,2877
2025-07-30,18459
2025-07-31,5058
2025-08-01,14598
2025-08-02,11499
2025-08-03,28041
2025-08-04,38238
2025-08-05,2616
2025-08-06,1044
2025-08-07,3183
2025-08-08,11574
2025-08-09,8739
2025-08-10,18960
2025-08-11,2595
2025-08-12,8862
2025-08-13,7827
2025-08-14,5388
2025-08-15,237
2025-08-16,1023
2025-08-17,3618
2025-08-18,6738
2025-08-19,4209
2025-08-20,2757
2025-08-21,444
2025-08-22,5403
2025-08-23,3963
2025-08-24,399
2025-08-25,4911
2025-08-26,6843
2025-08-27,807
2025-08-28,4638
2025-08-29,8280
2025-08-30,4899
2025-08-31,8958
2025-09-01,6807
2025-09-02,375
2025-09-03,444
2025-09-04,1353
2025-09-05,7371
2025-09-06,1176
2025-09-07,12834
2025-09-08,9693
2025-09-09,9432
2025-09-10,1902
2025-09-11,10107
2025-09-12,4386
2025-09-13,8415
2025-09-14,5019
2025-09-15,1311
2025-09-16,5448
2025-09-17,960
2025-09-18,8682
2025-09-19,6540
2025-09-20,10533
2025-09-21,10998
2025-09-22,4389
2025-09-23,2811
2025-09-24,10020
2025-09-25,777
2025-09-26,6597
2025-09-27,12006
2025-09-28,525
2025-09-29,537
2025-09-30,2673
2025-10-01,867
2025-10-02,7701
2025-10-03,13203
2025-10-04,5154
2025-10-05,11733
2025-10-06,831
2025-10-07,1188
2025-10-08,5832
2025-10-09,5028
2025-10-10,5175
2025-10-11,11817
2025-10-12,7062
2025-10-13,501
2025-10-14,579
2025-10-15,324
2025-10-16,7803
2025-10-17,5781
2025-10-18,6177
2025-10-19,7494
2025-10-20,3579
2025-10-21,192
